time,seconds_elapsed,magneticBearing
1780563089041431000,0.43843115234375,54.649291929517396
1780563089062209300,0.459209228515625,47.42121211265911
1780563089082592800,0.4795927734375,38.99099552105133
1780563089102855200,0.499855224609375,30.176702176864985
1780563089143045600,0.540045654296875,32.85131204661231
1780563089183046700,0.580046630859375,42.87890235581547
1780563089223055000,0.62005517578125,39.70770249385547
1780563089263048200,0.660048095703125,23.250465551275415
1780563089303041500,0.70004150390625,32.954896818818334
1780563089343050200,0.74005029296875,37.447527782404045
1780563089383051300,0.78005126953125,35.331331250121174
1780563089423044400,0.82004443359375,19.585527503425396
1780563089463045400,0.86004541015625,19.93955649442784
1780563089503046100,0.900046142578125,18.6262536058489
1780563089543047200,0.940047119140625,13.624724144718837
1780563089583048200,0.980048095703125,8.177795507974446
1780563089623049200,1.02004931640625,7.048075404704508
1780563089663050000,1.060050048828125,12.267466967567664
1780563089703058700,1.10005859375,11.030006559764649
1780563089742899500,1.1398994140625,2.4842906736126715
1780563089782687500,1.1796875,8.082632307871187
1780563089822848500,1.2198486328125,9.011805006960168
1780563089863047000,1.260046875,2.360751324007085
1780563089903047700,1.300047607421875,0.5011164779140796
1780563089943048400,1.34004833984375,8.387393187153087
1780563089983041800,1.380041748046875,7.524916928846619
1780563090023043000,1.42004296875,6.53015985553364
1780563090063051800,1.4600517578125,5.268080106506451
1780563090103052000,1.500052001953125,3.970902449726873
1780563090143045600,1.540045654296875,2.9691122567339705
1780563090183046400,1.58004638671875,355.10795050562274
1780563090223047400,1.62004736328125,357.30385278326446
1780563090263048400,1.66004833984375,358.9686842774507
1780563090303049200,1.70004931640625,1.3803540551511404
1780563090343050200,1.74005029296875,4.403030477705753
1780563090383051000,1.780051025390625,8.249551741723408
1780563090423044400,1.82004443359375,9.695610634829043
1780563090463052800,1.860052734375,358.2540615844768
1780563090503053800,1.9000537109375,2.7646505754089
1780563090543047400,1.94004736328125,4.20003828806531
1780563090582828000,1.979828125,3.2493599041624397
1780563090622592500,2.019592529296875,4.295015148103199
1780563090642673200,2.039673095703125,4.873896606929287
1780563090683046400,2.08004638671875,8.861566012940896
1780563090723047400,2.12004736328125,5.31851277135208
1780563090763048200,2.160048095703125,7.608191378933206
1780563090803049200,2.20004931640625,7.608191378933206
1780563090843050200,2.24005029296875,13.165470277871153
1780563090883051000,2.280051025390625,18.866865141043608
1780563090923044400,2.32004443359375,15.720928357307839
1780563090963045000,2.360045166015625,15.835663923291904
1780563091003046100,2.400046142578125,18.1428116361296
1780563091043047000,2.440046875,22.913912477999318
1780563091083047700,2.480047607421875,27.230284029029107
1780563091123048400,2.52004833984375,42.6607867753319
1780563091163049500,2.560049560546875,38.874629716551475
1780563091203050500,2.600050537109375,35.68216174228671
1780563091243051500,2.640051513671875,39.47245774530286
1780563091283044600,2.680044677734375,41.923626708270014
1780563091323045600,2.720045654296875,45.73015306162799
1780563091363046700,2.760046630859375,49.83623058704473
1780563091402925300,2.79992529296875,51.55891393146073
1780563091442820600,2.839820556640625,52.361462956014044
1780563091462825000,2.859824951171875,52.05623350710535
1780563091503114800,2.90011474609375,52.804987828618266
1780563091543047000,2.940046875,50.749834228450425
1780563091583047700,2.980047607421875,49.14332135974244
1780563091623048700,3.020048583984375,53.07775501958146
1780563091663049500,3.060049560546875,50.701744037549126
1780563091703042800,3.100042724609375,53.57717177531021
1780563091743043600,3.140043701171875,52.6197451862083
1780563091783052300,3.18005224609375,49.945055913115205
1780563091823061000,3.22006103515625,51.93505741156275
1780563091863054000,3.26005419921875,43.55239877591066
1780563091903047400,3.30004736328125,30.96375523340425
1780563091943048400,3.34004833984375,31.41530071342084
1780563091983041500,3.38004150390625,27.64269693563965
1780563092023042300,3.420042236328125,22.142979104952072
1780563092063051000,3.460051025390625,22.44559848429499
1780563092103052000,3.500052001953125,10.678562312530392
1780563092143045000,3.540045166015625,15.816887123113972
1780563092183046100,3.580046142578125,18.802639686760475
1780563092222963200,3.619963134765625,1.0587336976765391
1780563092242815700,3.639815673828125,2.9308847845353165
1780563092282580700,3.679580810546875,357.55069086214434
1780563092302668800,3.699668701171875,354.6199826871379
1780563092343049700,3.7400498046875,349.84997200211444
1780563092383050800,3.78005078125,344.8808460667855
1780563092423044000,3.820044189453125,340.38929480882734
1780563092463045000,3.860045166015625,339.63489227495245
1780563092503046000,3.9000458984375,341.27534383631547
1780563092543046700,3.940046630859375,332.70562270328986
1780563092583047700,3.980047607421875,326.08699318258124
1780563092623048700,4.020048583984375,329.5714898055826
1780563092663049500,4.060049560546875,332.69648378962506
1780563092703042800,4.100042724609375,329.27418197332406
1780563092743043800,4.1400439453125,329.8359914382344
1780563092783052300,4.18005224609375,330.6422471631287
1780563092823061000,4.22006103515625,334.98729995692736
1780563092863054000,4.26005419921875,332.4935525965218
1780563092903047400,4.30004736328125,340.36216684023555
1780563092943048400,4.34004833984375,343.157572832632
1780563092983041800,4.380041748046875,334.102009772007
1780563093023050200,4.42005029296875,335.1536569289181
1780563093062785000,4.459784912109375,339.7343039858559
1780563093102839300,4.49983935546875,337.14123859580786
1780563093143106300,4.540106201171875,333.5727612637125
1780563093183046100,4.580046142578125,348.3979795286901
1780563093223047200,4.620047119140625,344.07423622496873
1780563093263048200,4.660048095703125,349.9433158142603
1780563093303049000,4.700049072265625,344.1508454065203
1780563093343050000,4.740050048828125,344.0759832009329
1780563093383051000,4.780051025390625,347.9460086066117
1780563093423044000,4.820044189453125,346.9372681803392
1780563093463044900,4.860044921875,346.3495811971057
1780563093503046000,4.9000458984375,339.79053463683937
1780563093543047000,4.940046875,347.42558686272116
1780563093583047700,4.980047607421875,350.83765322296847
1780563093623048700,5.020048583984375,349.67561179962206
1780563093663049500,5.060049560546875,351.0511342078245
1780563093703042800,5.100042724609375,338.1599109520758
1780563093743051500,5.140051513671875,348.69006752597977
1780563093783060200,5.180060302734375,354.4470290175897
1780563093823061200,5.220061279296875,357.0153557410606
1780563093862901800,5.25990185546875,2.7458946965145485
1780563093902720500,5.299720458984375,355.71389693863017
1780563093922747600,5.31974755859375,358.9190758092882
1780563093963075600,5.36007568359375,3.6891468617967274
1780563094003046000,5.4000458984375,5.4908667458731175
1780563094043047000,5.440046875,4.798556667923613
1780563094083047700,5.480047607421875,359.4662038466824
1780563094123048700,5.520048583984375,359.48325387175095
1780563094163049500,5.560049560546875,353.66700371462514
1780563094203050500,5.600050537109375,355.3165265842018
1780563094243051500,5.640051513671875,356.66873084420257
1780563094283052300,5.68005224609375,359.29897426861413
1780563094323053300,5.72005322265625,354.49372782107423
1780563094363046700,5.760046630859375,353.78495100244504
1780563094403048000,5.8000478515625,350.9988415284386
1780563094443056000,5.84005615234375,349.4532764888494
1780563094483049500,5.880049560546875,354.4336680192818
1780563094523042600,5.92004248046875,353.7650514036161
1780563094563051300,5.96005126953125,356.8613013400843
1780563094603052300,6.00005224609375,1.9622570112854103
1780563094643053000,6.040052978515625,7.735775186338746
1780563094682878500,6.07987841796875,12.296842414147024
1780563094722666800,6.119666748046875,16.001023654574226
1780563094742709000,6.139708984375,17.079207699587762
1780563094783067400,6.1800673828125,28.622905292770806
1780563094823053000,6.220052978515625,25.417939519039326
1780563094863046400,6.26004638671875,30.016681966762096
1780563094903047200,6.300047119140625,37.34552233849401
1780563094943048200,6.340048095703125,38.286505125563494
1780563094983041500,6.38004150390625,44.165147403573
1780563095023042300,6.420042236328125,40.55261688434782
1780563095063051000,6.460051025390625,45.781532699678976
1780563095103052000,6.500052001953125,52.56142827815109
1780563095143045000,6.540045166015625,53.98363729831045
1780563095183046100,6.580046142578125,48.69705089715123
1780563095223054600,6.6200546875,48.4314228254622
1780563095263055600,6.6600556640625,51.00068384548212
1780563095303049000,6.700049072265625,53.32694194442312
1780563095343049700,6.7400498046875,47.84388946681287
1780563095383050500,6.780050537109375,48.99331576573399
1780563095423043800,6.8200439453125,40.51428606695673
1780563095463052500,6.860052490234375,38.785381702359686
1780563095502908400,6.899908447265625,37.2091157443467
1780563095542765600,6.939765625,39.15210870317311
1780563095562785000,6.959784912109375,37.69424102520843
1780563095603105300,7.000105224609375,42.977276498335165
1780563095643045400,7.04004541015625,46.42436013217192
1780563095683046100,7.080046142578125,43.83366061571166
1780563095723047200,7.120047119140625,30.644069857160392
1780563095763048000,7.1600478515625,22.11766641043127
1780563095803056600,7.200056640625,28.864012071507926
1780563095843057700,7.2400576171875,17.706517928120256
1780563095883051000,7.280051025390625,29.174793198698545
1780563095923044000,7.320044189453125,16.26020426424128
1780563095963044900,7.360044921875,1.8911547286730266
1780563096003046000,7.4000458984375,4.320804684296586
1780563096043047000,7.440046875,358.8507018298393
1780563096083047700,7.480047607421875,356.11802291801996
1780563096123048400,7.52004833984375,345.41483198776973
1780563096163057200,7.56005712890625,347.1291803638926
1780563096203058200,7.60005810546875,347.0740008442944
1780563096243051300,7.64005126953125,329.6418848069268
1780563096283052000,7.680052001953125,342.27050453253287
1780563096322938600,7.719938720703125,334.38856621011695
1780563096362522000,7.759522216796875,325.6496755626779
1780563096402637300,7.79963720703125,326.3312634131061
1780563096443048200,7.840048095703125,333.3608286792923
1780563096483041500,7.88004150390625,335.457873319201
1780563096523042300,7.920042236328125,333.5627693162873
1780563096563051000,7.960051025390625,329.1132543328455
1780563096603052000,8.000052001953126,332.7687488921361
1780563096643045000,8.040045166015625,334.4239709491628
1780563096683046100,8.080046142578125,331.08210513983505
1780563096723047200,8.120047119140626,331.08210513983505
1780563096763048000,8.1600478515625,334.79136943282646
1780563096803049000,8.200049072265625,337.6518904650022
1780563096843050000,8.240050048828126,342.5675628349467
1780563096883051000,8.280051025390625,338.3330175023507
1780563096923044000,8.320044189453125,334.93021141324266
1780563096963044900,8.360044921875,341.7221679372397
1780563097003046000,8.4000458984375,335.8839216406084
1780563097043046700,8.440046630859374,344.3399705370495
1780563097083055400,8.480055419921875,339.14915792478865
1780563097123056400,8.520056396484375,345.532231554205
1780563097162783500,8.559783447265625,346.8784703854416
1780563097202845400,8.599845458984374,353.6786370393043
1780563097243112200,8.6401123046875,352.74387246911147
1780563097283052000,8.680052001953126,344.36650029926517
1780563097323053000,8.720052978515625,346.23735194462193
1780563097363046400,8.76004638671875,349.6711839091249
1780563097403047400,8.80004736328125,351.8480121702811
1780563097443048400,8.84004833984375,1.4047919969895446
1780563097483041500,8.88004150390625,357.28152276116623
1780563097523042600,8.92004248046875,358.50825962387694
1780563097563051300,8.96005126953125,1.422223654689773
1780563097603044400,9.00004443359375,0.7275263802569089
1780563097643037700,9.04003759765625,359.02484688850524
1780563097683046400,9.08004638671875,358.64253422088973
1780563097723047200,9.120047119140626,1.220317203215504
1780563097763048200,9.160048095703125,358.8179989781171
1780563097803056600,9.200056640625,353.5853981498368
1780563097843057400,9.240057373046875,354.4305567122418
1780563097883050800,9.28005078125,351.41536179384224
1780563097923051500,9.320051513671874,357.90009536109227
1780563097962945800,9.35994580078125,0.7828749669714805
1780563098002536700,9.39953662109375,1.755642802954067
1780563098042675200,9.43967529296875,353.7449178361603
1780563098082850600,9.4798505859375,355.10281470275584
1780563098122820900,9.51982080078125,354.6465511400672
1780563098163049500,9.560049560546876,352.4596983843777
1780563098203050500,9.600050537109375,352.4132911143292
1780563098243051300,9.64005126953125,356.40529806266727
1780563098283052300,9.68005224609375,353.1572261453929
1780563098323053000,9.720052978515625,353.20848265016923
1780563098363046400,9.76004638671875,350.2197832796855
1780563098403047200,9.800047119140626,349.62680142512033
1780563098443055900,9.840055908203125,357.602653286423
1780563098483049200,9.88004931640625,352.3444823843895
1780563098523042600,9.92004248046875,352.21594163772284
1780563098563051000,9.960051025390625,1.9825238252026474
1780563098603052000,10.000052001953126,1.6277234466226567
1780563098643045400,10.04004541015625,8.251234973193299
1780563098683046100,10.080046142578125,19.245684003287575
1780563098723047000,10.120046875,19.736272982830283
1780563098763048000,10.1600478515625,37.923090435951046
1780563098802813400,10.1998134765625,41.546684342885285
1780563098842578200,10.239578125,34.330216899944105
1780563098862666500,10.25966650390625,37.45946911666653
1780563098903047400,10.30004736328125,34.321722510194654
1780563098943048200,10.340048095703125,27.55281190980888
1780563098983041500,10.38004150390625,27.55281190980888
1780563099023042600,10.42004248046875,41.993063837480925
1780563099063051000,10.460051025390625,49.39122834063539
1780563099103052000,10.500052001953126,49.69248905072469
1780563099143045400,10.54004541015625,44.41055805591452
1780563099183046400,10.58004638671875,53.03823460277095
1780563099223054800,10.620054931640626,45.80240938891648
1780563099263055600,10.6600556640625,47.31771569999283
1780563099303048700,10.700048583984374,47.116742449954
1780563099343049700,10.7400498046875,33.32000181505296
1780563099383050500,10.780050537109375,38.05337329917721
1780563099423043800,10.8200439453125,22.135491780147973
1780563099463044900,10.860044921875,22.81332210655201
1780563099503046000,10.9000458984375,18.48941302823581
1780563099543047000,10.940046875,16.136082086022775
1780563099583047700,10.980047607421875,20.285920834619937
1780563099622850300,11.019850341796875,17.212889775122548
1780563099662638600,11.059638671875,10.815731183904564
1780563099682696200,11.0796962890625,8.441928677731799
1780563099723062300,11.120062255859375,3.75507708443375
1780563099763048000,11.1600478515625,6.743805493042381
1780563099803056400,11.200056396484374,356.59167341131166
1780563099843057400,11.240057373046875,351.01868130659625
1780563099883050800,11.28005078125,351.19207649853587
1780563099923043800,11.3200439453125,338.82355297924454
1780563099963044900,11.360044921875,341.80191905963835
1780563100003046000,11.4000458984375,336.1739660028107
1780563100043046700,11.440046630859374,330.4687100361987
1780563100083047700,11.480047607421875,332.63085034118126
1780563100123048400,11.52004833984375,323.96703290618757
1780563100163049500,11.560049560546876,324.72165733628833
1780563100203050200,11.60005029296875,325.2803929447088
1780563100243051000,11.640051025390624,326.0370984618264
1780563100283052000,11.680052001953126,323.850764473753
1780563100323052800,11.720052734375,323.31027746771105
1780563100363046100,11.760046142578124,334.4239709491628
1780563100403047200,11.800047119140626,333.1632241090182
1780563100442872600,11.83987255859375,326.61469449860357
1780563100482699000,11.879698974609376,323.03372341764185
1780563100502741500,11.899741455078125,328.42646659370195
1780563100543092500,11.940092529296875,331.9581806788102
1780563100583047700,11.980047607421875,336.68977106892424
1780563100623048700,12.020048583984375,331.8552495107547
1780563100663049700,12.0600498046875,329.14579556202284
1780563100703042800,12.100042724609375,326.8633821290605
1780563100743043800,12.1400439453125,330.58696638313626
1780563100783052300,12.18005224609375,319.2287206722343
1780563100823060700,12.220060791015625,324.8123449120422
1780563100863054000,12.26005419921875,331.79250912098473
1780563100903047200,12.300047119140626,327.5683511110747
1780563100943048000,12.3400478515625,320.09984272410907
1780563100983041500,12.38004150390625,322.1326892356437
1780563101023042300,12.420042236328126,329.2725123971648
1780563101063051000,12.460051025390625,329.8188349949595
1780563101103051800,12.5000517578125,328.0990681110341
1780563101143052800,12.540052734375,338.976815917723
1780563101183053600,12.580053466796874,340.27948335237346
1780563101223054600,12.6200546875,338.0102614931821
1780563101262910500,12.659910400390626,336.23061262530763
1780563101302760000,12.699760009765624,338.8678279843217
1780563101322779400,12.719779296875,337.23181713405705
1780563101363092200,12.76009228515625,343.4212094195149
1780563101403047200,12.800047119140626,337.4907768465516
1780563101443048000,12.8400478515625,337.32391253652816
1780563101483041300,12.880041259765624,348.29099969828394
1780563101523042300,12.920042236328126,345.90829150792007
1780563101563050800,12.96005078125,348.9570231691237
1780563101603051800,13.0000517578125,346.4563082895309
1780563101643045000,13.040045166015625,343.5282934167584
1780563101683046000,13.0800458984375,345.33704662788483
1780563101723047200,13.120047119140626,349.3558121302009
1780563101763040300,13.160040283203125,347.6625951121456
1780563101803049000,13.200049072265625,345.21727455802096
1780563101843057400,13.240057373046875,358.61357410874786
1780563101883050800,13.28005078125,354.4505644059028
1780563101923044000,13.320044189453125,357.4476431532468
1780563101963044900,13.360044921875,353.7771248818126
1780563102003045600,13.400045654296875,0.6339523233059792
1780563102043046700,13.440046630859374,351.65775737006436
1780563102082986500,13.479986572265625,348.495690618102
1780563102122631000,13.519630859375,354.43890213597695
1780563102162723600,13.5597236328125,352.25581665641914
1780563102203073500,13.600073486328125,349.7386258594432
1780563102243043600,13.640043701171875,357.54011867995615
1780563102283044600,13.680044677734376,354.55353011391384
1780563102323045600,13.720045654296875,1.2022532067914011
1780563102363046700,13.760046630859375,4.4032644520708395
1780563102403047400,13.80004736328125,8.451985145366717
1780563102443055900,13.840055908203125,16.649524638641733
1780563102483049200,13.88004931640625,23.35284145856043
1780563102523042300,13.920042236328126,23.80594428581047
1780563102563050800,13.96005078125,31.627795047393025
1780563102603051800,14.0000517578125,29.552291418243623
1780563102643045000,14.040045166015625,38.61684941542237
1780563102683046000,14.0800458984375,35.157384845124994
1780563102723047000,14.120046875,41.721500603086255
1780563102763047700,14.160047607421875,48.953371343552945
1780563102803056400,14.200056396484374,53.48237736410012
1780563102843057200,14.24005712890625,51.90716392292294
1780563102883050500,14.280050537109375,48.366460663429805
1780563102922937000,14.31993701171875,42.051004876604466
1780563102962816800,14.359816650390625,37.29448664618089
1780563102982813400,14.3798134765625,39.5501120492414
1780563103023103200,14.420103271484376,40.03226705258637
1780563103063051000,14.460051025390625,40.390774808816516
1780563103103051800,14.5000517578125,44.31457923240119
1780563103143045000,14.540045166015625,38.765517748794615
1780563103183046000,14.5800458984375,41.72150060308626
1780563103223054600,14.6200546875,36.30341340457513
1780563103263056000,14.660055908203125,34.42179478763162
1780563103303049000,14.700049072265625,35.423412532288665
1780563103343049500,14.740049560546876,39.982019157116376
1780563103383050500,14.780050537109375,35.87745121270818
1780563103423043800,14.8200439453125,33.35603569289286
1780563103463044600,14.860044677734376,31.315105734579728
1780563103503045600,14.900045654296875,25.286925272585716
1780563103543046400,14.94004638671875,30.15393130528492
1780563103583047400,14.98004736328125,28.41380633571609
1780563103623048400,15.02004833984375,25.045532595153812
1780563103663049200,15.06004931640625,7.355349892443549
1780563103703050200,15.10005029296875,8.281677643507656
1780563103742990000,15.139989990234374,22.150237304295896
1780563103782634800,15.179634765625,26.08223222712999
1780563103822696700,15.21969677734375,10.569991768829809
1780563103863046400,15.26004638671875,4.430530567810766
1780563103903047400,15.30004736328125,342.9289786261253
1780563103943048200,15.340048095703125,337.56411089018314
1780563103983041500,15.38004150390625,338.5480930397423
1780563104023042300,15.420042236328126,329.6873040971584
1780563104063050800,15.46005078125,328.1134406392566
1780563104103051800,15.5000517578125,319.6236143125531
1780563104143044900,15.540044921875,315.64555931641394
1780563104183046000,15.5800458984375,319.4205566786776
1780563104223054300,15.620054443359376,324.4269895391862
1780563104263055400,15.660055419921875,321.29007704964715
1780563104303048700,15.700048583984374,321.1155023604513
1780563104343049700,15.7400498046875,327.144278049567
1780563104383050800,15.78005078125,331.93456166224763
1780563104423043800,15.8200439453125,318.75645196493167
1780563104463044900,15.860044921875,328.4788208865114
1780563104503046000,15.9000458984375,317.5283022387847
1780563104543047000,15.940046875,328.09189239979776
1780563104582941000,15.97994091796875,325.3280074192506
1780563104622668000,16.01966796875,324.5853396257239
1780563104662775800,16.05977587890625,322.9556480879484
1780563104703042800,16.100042724609374,318.59272248660375
1780563104743043600,16.140043701171876,314.07096110620944
1780563104783052300,16.18005224609375,322.50613554222707
1780563104823053300,16.22005322265625,320.53918501365524
1780563104863046400,16.26004638671875,319.06981379422905
1780563104903047200,16.300047119140626,319.079688870265
1780563104943048200,16.340048095703125,320.3682728395488
1780563104983041500,16.38004150390625,321.6510965276505
1780563105023042300,16.420042236328126,322.3926490499493
1780563105063051000,16.460051025390626,326.2369435216002
1780563105103052000,16.500052001953126,322.21738061754
1780563105143045000,16.540045166015624,317.345273086291
1780563105183046000,16.5800458984375,323.2487269807188
1780563105223054600,16.6200546875,314.68917551143136
1780563105263055600,16.6600556640625,336.7865096684779
1780563105303049000,16.700049072265625,332.90984858339687
1780563105343057400,16.740057373046874,324.81735128808936
1780563105383065900,16.78006591796875,344.49002801122
1780563105422860800,16.81986083984375,341.56505165016466
1780563105462634000,16.859634033203125,353.41303296882745
1780563105482684000,16.879683837890624,344.67550491954955
1780563105523057700,16.9200576171875,354.5760552131406
1780563105563051000,16.960051025390626,349.745143936697
1780563105603051800,17.0000517578125,354.4292232945933
1780563105643045000,17.040045166015624,350.88134141953435
1780563105683046100,17.080046142578126,356.39692688428676
1780563105723047000,17.120046875,0.5208563550604204
1780563105763048000,17.1600478515625,2.293770563771974
1780563105803056400,17.200056396484374,357.8272184820135
1780563105843057400,17.240057373046874,352.7756843130667
1780563105883050800,17.28005078125,354.5105113385793
1780563105923044000,17.320044189453125,354.5090384065595
1780563105963045000,17.360045166015624,350.06553109984924
1780563106003046000,17.4000458984375,358.66778019262216
1780563106043046700,17.440046630859374,355.2636421492416
1780563106083047700,17.480047607421874,348.55424264790105
1780563106123048700,17.520048583984376,348.1698870986754
1780563106163049500,17.560049560546876,351.9908597029628
1780563106203050200,17.60005029296875,357.45374656463275
1780563106242959600,17.639959716796874,357.19542017476243
1780563106282566100,17.679566162109374,9.92463477219897
1780563106322658800,17.719658935546875,10.787664548439128
1780563106363046400,17.76004638671875,18.28403817981429
1780563106403047400,17.80004736328125,16.659109498313548
1780563106443055900,17.840055908203126,35.61185411695149
1780563106483049000,17.880049072265624,38.184778897787616
1780563106523042300,17.920042236328126,43.14384164836971
1780563106563051000,17.960051025390626,51.06082050210315
1780563106603051800,18.0000517578125,55.181097805146166
1780563106643045000,18.040045166015624,48.820847108964294
1780563106683046100,18.080046142578126,57.163513295853875
1780563106723047000,18.120046875,57.29184650760102
1780563106763048000,18.1600478515625,51.72995301687827
1780563106803056400,18.200056396484374,46.77710270250523
1780563106843057400,18.240057373046874,50.30511147835956
1780563106883050800,18.28005078125,50.273229670116294
1780563106923044000,18.320044189453125,44.70788920354512
1780563106963044900,18.360044921875,47.60650585919868
1780563107003046000,18.4000458984375,45.402777172044075
1780563107043046700,18.440046630859374,47.110908480215194
1780563107082819800,18.47981982421875,47.37962345192326
1780563107122584600,18.51958447265625,42.85034737986291
1780563107142673000,18.5396728515625,48.39021843809022
1780563107183046100,18.580046142578126,40.37312504590485
1780563107223047000,18.620046875,37.13982353840811
1780563107263040300,18.660040283203124,46.725905359639135
1780563107303041300,18.700041259765626,33.90156124552202
1780563107343049700,18.7400498046875,31.598988904655847
1780563107383050500,18.780050537109375,28.98718232639854
1780563107423043800,18.8200439453125,21.69979603807758
1780563107463044900,18.860044921875,27.820041027768458
1780563107503046000,18.9000458984375,19.959789649060273
1780563107543046700,18.940046630859374,16.77651334882681
1780563107583047700,18.980047607421874,4.585579425179673
1780563107623048400,19.02004833984375,11.575188267614744
1780563107663049500,19.060049560546876,358.8678197476239
1780563107703042600,19.10004248046875,357.2836242007401
1780563107743051300,19.14005126953125,341.565051177078
1780563107783052300,19.18005224609375,328.9582880936749
1780563107823053000,19.220052978515625,321.86999189124276
1780563107863069400,19.2600693359375,328.3453726142898
1780563107902925300,19.29992529296875,320.9858411544156
1780563107942782200,19.3397822265625,317.3362473390586
1780563107962794200,19.359794189453126,318.8072344156568
1780563108003099100,19.40009912109375,320.31327728435707
1780563108043046700,19.440046630859374,315.0958132207747
1780563108083047400,19.48004736328125,314.3259615508786
1780563108123048400,19.52004833984375,317.7674320640985
1780563108163049200,19.56004931640625,320.23116415947544
1780563108203050200,19.60005029296875,320.60552149464513
1780563108243051300,19.64005126953125,325.6528524067445
1780563108283052000,19.680052001953126,321.8938249852264
1780563108323053000,19.720052978515625,324.98349293357893
1780563108363046400,19.76004638671875,336.5465746176101
1780563108403047200,19.800047119140626,335.4452510867362
1780563108443048000,19.8400478515625,338.05251193603533
1780563108483041300,19.880041259765626,338.05251193603533
1780563108522958300,19.919958251953126,335.42233251782807
1780563108562966800,19.959966796875,328.1183870197569
1780563108603051800,20.0000517578125,325.80085647491853
1780563108643045000,20.040045166015624,328.0516659206571
1780563108683046000,20.0800458984375,331.1628049120081
1780563108722978300,20.119978271484374,332.7474324962553
1780563108762607000,20.159607177734376,332.10272777568053
1780563108802676500,20.199676513671875,333.71269706058956
1780563108843049700,20.2400498046875,329.7308872954455
1780563108883050800,20.28005078125,333.010804501271
1780563108923044000,20.320044189453125,341.4916269676461
1780563108963044900,20.360044921875,339.9644846234311
1780563109003045600,20.400045654296875,345.0848671480162
1780563109043046700,20.440046630859374,335.9303602622194
1780563109083047400,20.48004736328125,342.1649847578033
1780563109123048400,20.52004833984375,352.5877890680268
1780563109163049500,20.560049560546876,350.2806759971819
1780563109203050200,20.60005029296875,354.4515336944984
1780563109243051300,20.64005126953125,354.52827518149246
1780563109283044400,20.68004443359375,352.84994925674437
1780563109323045400,20.72004541015625,345.6739961340148
1780563109363046400,20.76004638671875,347.87290875442477
1780563109403047200,20.800047119140626,351.4243487906739
1780563109443048200,20.840048095703125,348.0163245024396
1780563109483041500,20.88004150390625,345.86141298964753
1780563109523050000,20.920050048828124,354.4502205550928
1780563109562951700,20.95995166015625,355.3033211054556
1780563109602824000,20.999823974609374,4.864514553327502
1780563109622820600,21.019820556640624,5.572198056504089
1780563109663102700,21.060102783203124,0.3799398978729146
1780563109703042600,21.10004248046875,355.51078002363295
1780563109743043600,21.140043701171876,349.53659278268094
1780563109783052000,21.180052001953126,352.29853648425836
1780563109823053000,21.220052978515625,357.7442803210272
1780563109863046400,21.26004638671875,0
1780563109903047200,21.300047119140626,359.14490261966967
1780563109943048200,21.340048095703125,9.026419301843227
1780563109983041500,21.38004150390625,7.602470105975184
1780563110023042300,21.420042236328126,6.76158707071591
1780563110063050800,21.46005078125,16.575643892276997
1780563110103051800,21.5000517578125,15.122123662605588
1780563110143045000,21.540045166015624,24.21977717917374
1780563110183046100,21.580046142578126,27.65561908219673
1780563110223054600,21.6200546875,34.89916867420149
1780563110263055600,21.6600556640625,47.742276100254266
1780563110303048700,21.700048583984376,33.36316367110222
1780563110343049700,21.7400498046875,40.98782917112939
1780563110383005000,21.7800048828125,51.63471415279131
1780563110422648000,21.81964794921875,56.54563679856284
1780563110462725400,21.859725341796874,51.857073024534955
1780563110503076000,21.900076171875,56.36371502425934
1780563110543046700,21.940046630859374,56.71842047894529
1780563110583047400,21.98004736328125,48.19954041004087
1780563110623048400,22.02004833984375,50.66262650537207
1780563110663049200,22.06004931640625,47.69326440065636
1780563110703042600,22.10004248046875,48.59395473520417
1780563110743043300,22.140043212890625,46.65963354684761
1780563110783052000,22.180052001953126,50.4346154459569
1780563110823053000,22.220052978515625,48.56809650079154
1780563110863046100,22.260046142578126,47.16829256805788
1780563110903047000,22.300046875,38.40199963038513
1780563110943048000,22.3400478515625,36.869895755543105
1780563110983041300,22.380041259765626,37.085352763289386
1780563111023042300,22.420042236328126,34.527024970739454
1780563111063050800,22.46005078125,26.95522160805673
1780563111103051500,22.500051513671874,26.56505117707799
1780563111143044900,22.540044921875,24.62885478530554
1780563111183053300,22.58005322265625,19.687115809829084
1780563111222955300,22.619955322265625,18.928479390452218
1780563111262842600,22.659842529296874,9.585069324518127
1780563111282839300,22.67983935546875,8.79129928021519
1780563111323114000,22.720114013671875,15.875946391758397
1780563111363046400,22.76004638671875,6.443093667240557
1780563111403047400,22.80004736328125,355.68855972181007
1780563111443048200,22.840048095703125,346.2820625668373
1780563111483041500,22.88004150390625,342.3851795220203
1780563111523042300,22.920042236328126,337.56962000728714
1780563111563051000,22.960051025390626,336.1825267857996
1780563111603051800,23.0000517578125,336.4720162672518
1780563111643045000,23.040045166015624,328.9545071567984
1780563111683046000,23.0800458984375,324.44670705757716
1780563111723047000,23.120046875,323.9593727725462
1780563111763040300,23.160040283203124,315.7095094002221
1780563111803048700,23.200048583984376,317.6651338616619
1780563111843057200,23.24005712890625,317.72220321459497
1780563111883050500,23.280050537109375,317.34554893328425
1780563111923043800,23.3200439453125,314.02295878479396
1780563111963044600,23.360044677734376,315.041072652654
1780563112003045400,23.40004541015625,323.05564508127554
1780563112043016000,23.440015869140623,316.71950360328003
1780563112082674700,23.4796748046875,315.1501867073056
1780563112122729200,23.519729248046875,313.59640180604
1780563112163072300,23.560072265625,314.7479669944634
1780563112203042600,23.60004248046875,315.16951320595615
1780563112243043600,23.640043701171876,315.7671276302188
1780563112283044400,23.68004443359375,317.9862700699951
1780563112323045400,23.72004541015625,314.92193961344805
1780563112363046400,23.76004638671875,319.3642320673251
1780563112403047200,23.800047119140626,318.3612696292793
1780563112443048000,23.8400478515625,318.021607071903
1780563112483041300,23.880041259765626,324.63090324163903
1780563112523042300,23.920042236328126,326.6893682062498
1780563112563050800,23.96005078125,323.67460822292924
1780563112603051800,24.0000517578125,328.3107168012986
1780563112643044900,24.040044921875,330.5584985418773
1780563112683045600,24.080045654296875,326.15800637005026
1780563112723046700,24.120046630859374,331.6992422934842
1780563112763055600,24.1600556640625,327.7020215678094
1780563112803064000,24.20006396484375,336.2445340872123
1780563112843057200,24.24005712890625,338.1471585100184
1780563112882966500,24.279966552734376,333.4683188604001
1780563112922579700,24.319579833984374,341.68618494725126
1780563112962664700,24.359664794921876,345.79227004101773
1780563113003045400,24.40004541015625,350.5938608359736
1780563113043046400,24.44004638671875,343.0907289150676
1780563113083047400,24.48004736328125,346.81319499777794
1780563113123048200,24.520048095703125,351.0430408904457
1780563113163049000,24.560049072265624,349.7972086238745
1780563113203050200,24.60005029296875,347.72391286996435
1780563113243051300,24.64005126953125,344.8834902861219
1780563113283052000,24.680052001953126,342.57152293132344
1780563113323052800,24.720052734375,348.3452620124693
1780563113363046100,24.760046142578126,353.0870583451663
1780563113403047000,24.800046875,351.0241691681616
1780563113443048000,24.8400478515625,349.7342948391603
1780563113483041300,24.880041259765626,355.97747894962237
1780563113523042300,24.920042236328126,353.01757250778587
1780563113563043000,24.96004296875,352.0131883802869
1780563113603043800,25.0000439453125,352.25478742989014
1780563113643044600,25.040044677734375,349.9346873171185
1780563113683045600,25.080045654296875,350.03164368675397
1780563113722947600,25.119947509765623,350.7674602875721
1780563113762553900,25.159553955078124,349.4152911139573
1780563113802654000,25.199654052734374,350.5926642188261
1780563113843049500,25.240049560546876,356.3755148893536
1780563113883050200,25.28005029296875,355.70932037791414
1780563113923043600,25.320043701171876,357.21738972528345
1780563113963044600,25.360044677734376,357.524970813991
1780563114003045600,25.400045654296875,2.729476373964493
1780563114043046400,25.44004638671875,6.76158707071591
1780563114083047400,25.48004736328125,15.222133144651847
1780563114123048400,25.52004833984375,21.408979616117957
1780563114163049200,25.56004931640625,23.07041203834324
1780563114203050000,25.600050048828123,29.49495487909623
1780563114243051000,25.640051025390626,31.1626002677183
1780563114283052000,25.680052001953126,39.00144100407195
1780563114323053000,25.720052978515625,45.63862030723727
1780563114363046400,25.76004638671875,49.83623058704473
1780563114403047400,25.80004736328125,52.91092620753939
1780563114443055900,25.840055908203126,47.71708351038894
1780563114483049200,25.88004931640625,58.454699111272895
1780563114523050000,25.920050048828124,46.05665784894416
1780563114562875400,25.95987548828125,57.101018401875194
1780563114602656000,25.999656005859375,55.73392292941601
1780563114622698200,26.0196982421875,55.537135509943234
1780563114663057000,26.060056884765626,50.17842291698653
1780563114703042600,26.10004248046875,44.665916351195925
1780563114743043300,26.140043212890625,46.795517860382304
1780563114783052000,26.180052001953126,40.94126032190837
1780563114823060500,26.220060546875,35.78197763768856
1780563114863053800,26.2600537109375,31.359886099453437
1780563114903047000,26.300046875,23.360716798041597
1780563114943048000,26.3400478515625,23.162281499349824
1780563114983041300,26.380041259765626,23.76780783932428
1780563115023042300,26.420042236328126,14.056096675334322
1780563115063050800,26.46005078125,5.221022587716515
1780563115103051800,26.5000517578125,4.701734111031169
1780563115143045000,26.540045166015624,6.750539097100265
1780563115183046000,26.5800458984375,3.7704872220981938
1780563115223054600,26.6200546875,1.7983347489111636
1780563115263055600,26.6600556640625,1.7983347489111636
1780563115303048700,26.700048583984376,340.9696731928085
1780563115343049700,26.7400498046875,341.06099525944546
1780563115382905600,26.779905517578126,336.3377058156793
1780563115422770200,26.819770263671874,328.08226198223934
1780563115442789600,26.83978955078125,324.81351588883183
1780563115483102200,26.880102294921876,329.5843101867655
1780563115523042300,26.920042236328126,325.9997350634365
1780563115563050800,26.96005078125,319.930493405577
1780563115603051500,27.000051513671874,318.73807009852436
1780563115643044600,27.040044677734375,318.37689172431647
1780563115683045600,27.080045654296875,315
1780563115723046700,27.120046630859374,318.93929955888194
1780563115763047700,27.160047607421873,313.9536186092079
1780563115803048400,27.20004833984375,315.2636294553321
1780563115843049500,27.240049560546876,317.85086828822114
1780563115883050200,27.28005029296875,318.88791057642914
1780563115923043600,27.320043701171876,314.56684389806804
1780563115963044600,27.360044677734376,314.7109954820823
1780563116003045400,27.40004541015625,310.39054510948506
1780563116043046400,27.44004638671875,319.88275904200265
1780563116083047200,27.480047119140625,324.2480421703908
1780563116123048200,27.520048095703125,321.205910629489
1780563116163049200,27.56004931640625,325.80263087669283
1780563116202966000,27.599966064453124,325.99812338513345
1780563116242587100,27.639587158203124,328.02524672691015
1780563116282687200,27.679687255859374,329.08642367583724
1780563116323068000,27.72006787109375,331.5461750195985
1780563116363046000,27.7600458984375,330.1474201704806
1780563116403047000,27.800046875,334.4934108790489
1780563116443048000,27.8400478515625,337.605069809861
1780563116483041300,27.880041259765626,332.41968689046206
1780563116523042000,27.9200419921875,344.9119901696553
1780563116563050500,27.960050537109375,338.5308527995246
1780563116603051500,28.000051513671874,341.1023201291007
1780563116643045000,28.040045166015624,340.70704297113184
1780563116683046000,28.0800458984375,342.4296857749503
1780563116723047000,28.120046875,349.9089423698636
1780563116763047700,28.160047607421873,352.2072113162136
1780563116803056400,28.200056396484374,349.485445585082
1780563116843057400,28.240057373046874,350.0721329926866
1780563116883050500,28.280050537109375,355.8275648607987
1780563116923043600,28.320043701171876,355.5664537782359
1780563116963044600,28.360044677734376,1.4688007013781705
1780563117003053300,28.40005322265625,355.6056110761733
1780563117042893800,28.439893798828123,1.8535853822202024
1780563117082735600,28.479735595703126,3.962210659482801
1780563117102762800,28.4997626953125,4.069064314741718
1780563117143090700,28.540090576171874,357.28381816505583
1780563117183046000,28.5800458984375,359.28384003701905
1780563117223046700,28.620046630859374,358.41730999907196
1780563117263047700,28.660047607421873,359.5865324517116
1780563117303048400,28.70004833984375,358.6256047965785
1780563117343049500,28.740049560546876,355.99026199723914
1780563117383050500,28.780050537109375,355.4091130737872
1780563117423043800,28.8200439453125,354.42780184399504
1780563117463044600,28.860044677734376,355.6807253250137
1780563117503045600,28.900045654296875,352.80517451637354
1780563117543046400,28.94004638671875,353.81427273015987
1780563117583047400,28.98004736328125,354.4251527949311
1780563117623048200,29.020048095703125,354.96704994613765
1780563117663049200,29.06004931640625,357.2761797215033
1780563117703042600,29.10004248046875,357.63978272648825
1780563117743051000,29.140051025390626,0.6700955089899969
1780563117783059500,29.1800595703125,7.8945189557348865
1780563117823060500,29.220060546875,3.031523642466865
1780563117862977500,29.2599775390625,10.741962714917735
1780563117902590700,29.2995908203125,22.170476795865085
1780563117942668000,29.33966796875,22.301029967319764
1780563117983041300,29.380041259765626,19.918285744062242
1780563118023042000,29.4200419921875,24.73275458174137
1780563118063050800,29.46005078125,40.01706274295561
1780563118103051500,29.500051513671874,35.58390937919818
1780563118143044900,29.540044921875,33.42874293162398
1780563118183046000,29.5800458984375,41.13979630975229
1780563118223054300,29.620054443359376,24.307577673667772
1780563118263055400,29.660055419921875,37.9172134345272
1780563118303048700,29.700048583984376,36.847477414996916
1780563118343049700,29.7400498046875,39.73649234944184
1780563118383050500,29.780050537109375,42.510446306279185
1780563118423043800,29.8200439453125,34.84402745735953
1780563118463052300,29.86005224609375,32.771697788091856
1780563118503053000,29.900052978515625,41.18592516570965
1780563118543046400,29.94004638671875,30.247036851413736
1780563118582940400,29.9799404296875,33.85219353861258
1780563118622941400,30.01994140625,26.261609557737774
1780563118663057000,30.060056884765626,27.35959336838169
1780563118702829800,30.099829833984376,33.45620887356186
1780563118742587400,30.13958740234375,25.38479680027825
1780563118762675700,30.15967578125,24.24977132660599
1780563118803048700,30.200048583984376,18.749757822759207
1780563118843049500,30.240049560546876,15.106658088173328
1780563118883050500,30.280050537109375,12.66632760334189
1780563118923043600,30.320043701171876,4.15964236691671
1780563118963044600,30.360044677734376,7.330453146093703
1780563119003045400,30.40004541015625,2.7702159925904417
1780563119043046400,30.44004638671875,352.0868090230468
1780563119083047400,30.48004736328125,348.003100155864
1780563119123048200,30.520048095703125,348.45436444919466
1780563119163049200,30.56004931640625,334.1030903605284
1780563119203050000,30.600050048828123,327.54243811320464
1780563119243050800,30.64005078125,326.66464758044117
1780563119283051800,30.6800517578125,324.8072016533917
1780563119303048400,30.70004833984375,319.51913855261563
1780563119323052800,30.720052734375,314.08040358289105
1780563119363046100,30.760046142578126,322.2724111926251
1780563119403047000,30.800046875,328.54480416561483
1780563119443047700,30.840047607421877,323.6852545343159
1780563119483048700,30.880048583984376,320.264946391078
1780563119522881800,30.9198818359375,318.2704874150677
1780563119562432500,30.9594326171875,320.66168605644464
1780563119582475000,30.97947509765625,321.1579842517218
1780563119602601200,30.999601318359375,323.0608911274578
1780563119622818000,31.019818115234376,325.75796710848056
1780563119663049200,31.06004931640625,322.9646442337666
1780563119703042300,31.100042236328125,317.55684128770116
1780563119743043300,31.140043212890625,322.4385556554982
1780563119783044000,31.180044189453124,323.15522746376683
1780563119823045000,31.220045166015623,329.42315891864035
1780563119863046100,31.260046142578126,326.5762564765944
1780563119903047000,31.300046875,326.0452470841755
1780563119943048000,31.3400478515625,328.35912243224357
1780563119983041000,31.380041015625,328.68444247372463
1780563120023042000,31.4200419921875,328.03222388698845
1780563120063050500,31.460050537109375,330.30164829190386
1780563120103051500,31.500051513671874,332.4496864025786
1780563120143044900,31.540044921875,325.3643268923789
1780563120183045600,31.580045654296875,332.21607358779073
1780563120223054000,31.62005419921875,328.00043515557326
1780563120263047400,31.66004736328125,334.05396489683994
1780563120303040800,31.700040771484375,335.2367475657694
1780563120342897000,31.73989697265625,331.21225579641794
1780563120382746000,31.77974609375,336.15509962013715
1780563120402765600,31.799765625,333.5849389463487
1780563120443086000,31.840086181640626,338.7494947876934
1780563120483041300,31.880041259765626,338.9244375130769
1780563120523042300,31.920042236328126,335.97220575486887
1780563120563050800,31.96005078125,337.39879988104053
1780563120603051500,32.00005151367188,340.5026251683331
1780563120643044900,32.040044921875,336.42358121721406
1780563120683045600,32.080045654296875,343.61046031725897
1780563120723054300,32.12005444335937,349.9920205714958
1780563120763047400,32.16004736328125,346.22044477001873
1780563120803048400,32.20004833984375,347.6087351123931
1780563120843057200,32.24005712890625,350.2783446407487
1780563120883050500,32.280050537109375,350.0608752827437
1780563120923043600,32.320043701171876,357.07826962778654
1780563120963044600,32.36004467773437,356.70479013550005
1780563121003045600,32.400045654296875,1.8092829734869964
1780563121043046400,32.44004638671875,358.7981669724319
1780563121083047400,32.48004736328125,356.5356493316307
1780563121123055900,32.520055908203126,355.8150837279168
1780563121162942500,32.5599423828125,357.1683229199585
1780563121202518500,32.5995185546875,356.71877728147365
1780563121242634000,32.63963403320312,351.6870610483529
1780563121283044400,32.68004443359375,356.7930484423113
1780563121323045400,32.72004541015625,358.3032244215376
1780563121363046100,32.760046142578126,354.95597870355596
1780563121403047200,32.80004711914062,8.108402112336687
1780563121443048000,32.8400478515625,357.76107936498676
1780563121483041300,32.880041259765626,7.902416936435512
1780563121523042300,32.92004223632812,15.132428976381512
1780563121563050800,32.96005078125,22.140872588202363
1780563121603044000,33.00004418945313,22.36333804483318
1780563121643037200,33.040037109375,26.352169143219548
1780563121683045600,33.080045654296875,25.586777438577684
1780563121723046700,33.12004663085938,24.297367434863908
1780563121763047700,33.16004760742187,28.375877448575807
1780563121803056000,33.20005615234375,24.798913902282194
1780563121843057200,33.24005712890625,32.293267777870234
1780563121883050500,33.280050537109375,36.54276464544051
1780563121923043600,33.320043701171876,37.731332878371205
1780563121963052300,33.36005224609375,47.52674532328101
1780563122002871000,33.39987109375,45.274516452122306
1780563122042629000,33.43962915039062,51.981058303694965
1780563122062694400,33.4596943359375,53.312972287507044
1780563122103051800,33.5000517578125,49.923149707197034
1780563122143044900,33.540044921875,45.84478150001632
1780563122183046000,33.5800458984375,53.28579690867326
1780563122223054300,33.62005444335937,44.796968330207605
1780563122263047700,33.66004760742187,53.276610067687216
1780563122303041000,33.700041015625,42.46717479796108
1780563122343049500,33.74004956054687,46.87853290979199
1780563122383050500,33.780050537109375,40.31850873579448
1780563122423043800,33.8200439453125,36.66255639156466
1780563122463052300,33.86005224609375,36.653073993768416
1780563122503053300,33.90005322265625,28.872953316058286
1780563122543046700,33.94004663085938,23.998521098877156
1780563122583047400,33.98004736328125,33.308991459292585
1780563122623048400,34.02004833984375,29.636365595170364
1780563122663049500,34.06004956054687,20.97541605136094
1780563122703042600,34.10004248046875,16.122598637014356
1780563122743043600,34.14004370117188,7.4942727813692365
1780563122783044400,34.18004443359375,9.67524765486182
1780563122822802200,34.21980224609375,0.7991382354349937
1780563122862567400,34.2595673828125,355.27813852774085
1780563122882663400,34.27966333007812,351.88709364951967
1780563122923043800,34.3200439453125,348.2780352413058
1780563122963044600,34.36004467773437,348.2021092897798
1780563123003045400,34.40004541015625,339.5730852418893
1780563123043046400,34.44004638671875,336.26443493554103
1780563123083047200,34.48004711914062,331.4707437254746
1780563123123048200,34.520048095703125,322.952165123142
1780563123163049200,34.56004931640625,318.0586982514262
1780563123203042600,34.60004248046875,321.17221910886946
1780563123243043300,34.640043212890625,320.9391848127184
1780563123283052000,34.68005200195312,321.63087299288105
1780563123323052800,34.720052734375,322.05573585341534
1780563123363046400,34.76004638671875,319.90299109636965
1780563123403047200,34.80004711914062,322.3162146510355
1780563123443048000,34.8400478515625,316.9373860057648
1780563123483049000,34.88004907226563,317.90247985585887
1780563123523049700,34.9200498046875,317.90247985585887
1780563123563050800,34.96005078125,315.7658417153404
1780563123603059200,35.00005908203125,318.47466088498015
1780563123642832100,35.03983203125,318.47466088498015
1780563123682589700,35.07958959960938,318.426035938596
1780563123702670000,35.09967016601563,321.2455009999795
1780563123743043300,35.140043212890625,319.8110842757097
1780563123783044000,35.18004418945313,321.07098239848625
1780563123823045000,35.22004516601562,324.6986618375538
1780563123863046000,35.2600458984375,326.2948592180612
1780563123903047000,35.300046875,323.6852545343159
1780563123943048000,35.3400478515625,319.9805907999528
1780563123983041300,35.380041259765626,328.96334876502505
1780563124023042000,35.4200419921875,325.01214811052307
1780563124063050800,35.46005078125,326.6024784740946
1780563124103051300,35.50005126953125,327.4837270530343
1780563124143044600,35.54004467773437,331.2674180759577
1780563124183045600,35.580045654296875,335.5783245982295
1780563124223054000,35.62005419921875,330.1326366585502
1780563124263055000,35.66005517578125,337.90415322341863
1780563124303048200,35.700048095703124,333.53827848118857
1780563124343049200,35.74004931640625,330.9187450769536
1780563124383050200,35.78005029296875,336.39707125785475
1780563124423043300,35.820043212890624,343.32443744040245
1780563124462876700,35.85987670898437,347.37212576040565
1780563124502703000,35.899703125,350.10906580989194
1780563124522502400,35.91950244140625,348.834171285765
1780563124562845400,35.959845458984375,345.45585741834645
1780563124603051300,36.00005126953125,354.9626315280238
1780563124643044600,36.04004467773437,351.30699929701444
1780563124683045600,36.080045654296875,348.57620115012185
1780563124723046700,36.12004663085938,350.8119450279638
1780563124763040000,36.1600400390625,349.33506306997623
1780563124803048400,36.20004833984375,347.72594357390983
1780563124843057000,36.24005688476562,353.10890396767775
1780563124883050200,36.28005029296875,359.31273351198155
1780563124923043600,36.320043701171876,354.50632898315604
1780563124963044600,36.36004467773437,352.93497040865316
1780563125003045400,36.40004541015625,351.30961617803086
1780563125043046100,36.440046142578126,352.39332861665076
1780563125083047200,36.48004711914062,355.13675675617765
1780563125123048000,36.5200478515625,353.1335701975023
1780563125163056400,36.56005639648438,351.21470099461703
1780563125203057400,36.60005737304687,356.40529806266727
1780563125243058400,36.640058349609376,354.9941675264991
1780563125282906600,36.67990673828125,353.8090709609723
1780563125322733300,36.7197333984375,358.1894025066445
1780563125342752800,36.739752685546875,1.198110423794928
1780563125383080700,36.78008081054688,2.531837553047968
1780563125422800600,36.81980053710937,2.3208495670595513
1780563125462801700,36.8598017578125,12.37186092967593
1780563125503045400,36.90004541015625,13.424159865415051
1780563125543046400,36.94004638671875,24.113734316178984
1780563125583047200,36.98004711914062,22.968892569321483
1780563125623048200,37.020048095703125,27.16073305911161
1780563125663049000,37.06004907226563,36.11559698532978
1780563125703042000,37.1000419921875,30.09101196169643
1780563125743043000,37.14004296875,26.61495834571085
1780563125783043800,37.1800439453125,36.43989940265556
1780563125823052500,37.22005249023437,37.510929554588316
1780563125863053600,37.260053466796876,37.049641516307844
1780563125903047000,37.300046875,40.249493650802634
1780563125943047700,37.34004760742187,45.03437093763375
1780563125983041000,37.380041015625,49.24265706209018
1780563126023042000,37.4200419921875,46.64511799518172
1780563126063050800,37.46005078125,47.163993442784935
1780563126102983000,37.49998291015625,37.2552878195596
1780563126142619400,37.53961938476562,36.69653716442092
1780563126182689000,37.57968896484375,40.619602140366574
1780563126223046400,37.62004638671875,26.032981924575434
1780563126263047200,37.66004711914063,29.632809106986254
1780563126303048200,37.700048095703124,24.74754986535048
1780563126343049200,37.74004931640625,21.451125052139965
1780563126383050000,37.78005004882812,22.924517098318958
1780563126423043300,37.820043212890624,22.1276127542867
1780563126463051800,37.8600517578125,15.754440438122312
1780563126503052800,37.900052734375,11.3588403835641
1780563126543046100,37.940046142578126,9.510060233939395
1780563126583047200,37.98004711914062,12.02389831763216
1780563126623048000,38.0200478515625,15.324737169426486
1780563126663048700,38.060048583984376,12.84770490439309
1780563126703042000,38.1000419921875,10.169128107389897
1780563126743043000,38.14004296875,9.036576276128962
1780563126783044000,38.18004418945313,7.961750831602804
1780563126823052500,38.22005249023437,1.4458605308058317
1780563126863053600,38.260053466796876,358.6980473453318
1780563126903054300,38.30005444335937,355.94986907585917
1780563126942956300,38.33995629882813,359.0608090350397
1780563126982539500,38.37953955078125,351.83630249025094
1780563127022639600,38.4196396484375,348.0813702759401
1780563127063050500,38.460050537109375,340.4863875004311
1780563127103051500,38.50005151367188,349.018440976161
1780563127143044600,38.54004467773437,346.17601737972
1780563127183045600,38.580045654296875,343.2154220632754
1780563127223054000,38.62005419921875,340.13804829893854
1780563127263055000,38.66005517578125,337.35554147931856
1780563127303048200,38.700048095703124,342.6107521863581
1780563127343049200,38.74004931640625,343.7325807500347
1780563127383050200,38.78005029296875,341.62255789117626
1780563127423043300,38.820043212890624,342.11595560082395
1780563127463044400,38.86004443359375,342.7567418695555
1780563127503045000,38.90004516601562,344.93833945023323
1780563127543046100,38.940046142578126,342.8197901056469
1780563127583047200,38.98004711914062,340.06685964053196
1780563127623048000,39.0200478515625,338.030997316887
1780563127663048700,39.060048583984376,335.2367475657694
1780563127703042000,39.1000419921875,330.2221332262684
1780563127743043000,39.14004296875,330.7824092678418
1780563127782869500,39.179869384765624,327.2416118114069
1780563127822642700,39.219642578125,329.5344567453296
1780563127862818000,39.259818115234374,327.3523339154434
1780563127903047000,39.300046875,326.30993247402023
1780563127943047700,39.34004760742187,335.8651417244727
1780563127983041000,39.380041015625,333.90244651215744
1780563128023042000,39.4200419921875,349.52576479866724
1780563128063050500,39.460050537109375,352.3354368713299
1780563128103051500,39.50005151367188,357.9654815944688
1780563128143044600,39.54004467773437,349.4038801869025
1780563128183045600,39.580045654296875,351.1095768092214
1780563128223054000,39.62005419921875,13.162467478413419
1780563128263055000,39.66005517578125,12.880649186525227
1780563128303048400,39.70004833984375,15.854547241390808
1780563128343049500,39.74004956054687,20.313759163069044
1780563128383050200,39.78005029296875,10.195369289746107
1780563128423043600,39.820043701171876,9.54038240025413
1780563128463044400,39.86004443359375,15.854547241390808
1780563128503045400,39.90004541015625,21.17573941710458
1780563128543046400,39.94004638671875,16.5891424358501
1780563128582994000,39.97999389648437,30.832378432236865
1780563128622622000,40.0196220703125,29.991576915509004
1780563128662615300,40.059615234375,33.219478027996516
1780563128702981400,40.0999814453125,27.1351399827023
1780563128743043300,40.140043212890625,31.46045491723376
1780563128783044000,40.18004418945313,34.30858977100018
1780563128823052500,40.22005249023437,45.240234902091316
1780563128863053600,40.260053466796876,34.84833625229264
1780563128903047000,40.300046875,40.49876534242558
1780563128943047700,40.34004760742187,48.53657860749504
1780563128983041300,40.380041259765626,45.56726692922384
1780563129023042000,40.4200419921875,40.61919695968151
1780563129063050500,40.460050537109375,49.530519662922266
1780563129103051500,40.50005151367188,52.821976490338145
1780563129143044600,40.54004467773437,55.30484684888089
1780563129183045600,40.580045654296875,56.00803717867781
1780563129223054000,40.62005419921875,48.38941228655957
1780563129263055000,40.66005517578125,55.16041619774414
1780563129303048200,40.700048095703124,43.033806852438516
1780563129343049200,40.74004931640625,53.34556686517157
1780563129383057700,40.7800576171875,53.13010235415599
1780563129422913500,40.81991357421875,47.527973136673204
1780563129462763000,40.85976293945313,51.01853510870887
1780563129482782500,40.87978247070313,46.72872403827913
1780563129523095300,40.92009521484375,48.82226848171487
